--populate to REGISTRATION TABLE
INSERT INTO REGISTRATION (Registration_ID, first_name, last_name, role, email, gender, DOB, streetName, city, postalCode, country)
VALUES ('R001', 'Faardheen', 'Khodabuccus', 'administrator', 'Faardheen@gmail.com', 'M', '2002-01-10', 'Ally lane', 'vallee des pretes', '11220', 'Mauritius'),
       ('R002', 'muntaswir', 'waliyullah', 'administrator', 'Muntaswir@gmail.com', 'M', '2001-06-26', 'cardinal 4', 'pailles', '11221', 'Mauritius');

INSERT INTO REGISTRATION (Registration_ID, first_name, last_name, role, email, gender, DOB, streetName, city, postalCode, country)
VALUES  ('R003', 'Genia', 'Angel', 'contributor', 'gangel1@so-net.ne.jp', 'F', '1996-01-10', 'Carey', 'Kowale Oleckie', '19-420', 'Poland'),
        ('R004', 'Opalina', 'Garfoot', 'contributor', 'ogarfoot2@last.fm', 'F', '1972-12-22', 'Maryland', 'Ash Shaḩānīyah', null, 'Qatar'),
        ('R005', 'Reagen', 'Ridger', 'contributor', 'rridger3@icq.com', 'M', '1917-11-07', 'Commercial', 'Ibirité', '32400-000', 'Brazil'),
        ('R006', 'Puff', 'Tatam', 'contributor', 'ptatam4@apache.org', 'M', '1905-06-20', 'Hoepker', 'Shawnee Mission', '66276', 'United States'),
        ('R007', 'Hugh', 'Marriott', 'contributor', 'hmarriott5@jalbum.net', 'M', '1925-11-13', 'Dexter', 'Hayes', null, 'Jamaica'),
        ('R008', 'Moira', 'Brittoner', 'contributor', 'mbrittoner6@ovh.net', 'F', '1938-02-05', 'Wayridge', 'Longjin', null, 'China'),
        ('R009', 'Cacilia', 'Sibary', 'contributor', 'csibary7@github.com', 'F', '1905-06-11', 'Hovde', 'La Vega', '253618', 'Colombia'),
        ('R010', 'Malena', 'Zannetti', 'contributor', 'mzannetti8@nationalgeographic.com', 'F', '1977-06-06', 'Mccormick', 'Silao', null, 'China'),
        ('R011', 'Minni', 'Chomley', 'contributor', 'mchomley9@wix.com', 'F', '1968-09-01', 'Mayfield', 'Zel’va', null, 'Belarus'),
        ('R012', 'Shawna', 'Smithen', 'contributor', 'ssmithena@jigsy.com', 'F', '2003-09-27', 'Meadow Ridge', 'Qiling', null, 'China'),
        ('R013', 'Suzy', 'Bragginton', 'contributor', 'sbraggintonb@europa.eu', 'F', '1919-01-25', 'Linden', 'Sanjia', null, 'China'),
        ('R014', 'Sarene', 'Craigg', 'contributor', 'scraiggc@cdbaby.com', 'F', '1959-09-09', 'Summerview', 'Dulangan', '5203', 'Philippines'),
        ('R015', 'Josias', 'Aggus', 'contributor', 'jaggusd@yellowbook.com', 'M', '1918-06-11', '2nd', 'Fayzabad', null, 'Afghanistan'),
        ('R016', 'Stevy', 'Dullingham', 'contributor', 'sdullinghame@whitehouse.gov', 'M', '1907-08-17', 'Schurz', 'Būsh', null, 'Egypt'),
        ('R017', 'Ula', 'Andrewartha', 'contributor', 'uandrewarthaf@jigsy.com', 'F', '1903-07-06', 'Autumn Leaf', 'Troitsk', '142191', 'Russia'),
        ('R018', 'Welbie', 'Durrett', 'contributor', 'wdurrettg@ucoz.ru', 'M', '1999-07-22', 'Pawling', 'Huangjiakou', null, 'China');

INSERT INTO REGISTRATION (Registration_ID, first_name, last_name, role, email, gender, DOB, streetName, city, postalCode, country) 
VALUES  ('R201', 'Natalee', 'Alyokhin', 'student', 'nalyokhin5j@globo.com', 'F', '2007-06-01', 'Miller', 'Gashua', null, 'Nigeria'),
        ('R202', 'Hashim', 'Cheine', 'student', 'hcheine5k@cyberchimps.com', 'M', '1977-02-12', 'Carberry', 'Tiantai Chengguanzhen', null, 'China'),
        ('R203', 'Harmon', 'Fahy', 'student', 'hfahy5l@cpanel.net', 'M', '1946-06-24', 'Summit', 'Amalfi', '052848', 'Colombia'),
        ('R204', 'Chantal', 'McCrachen', 'student', 'cmccrachen5m@dell.com', 'F', '1967-01-09', 'Moose', 'Zhongxi', null, 'China'),
        ('R205', 'Orelie', 'Burgoyne', 'student', 'oburgoyne5n@google.nl', 'F', '1993-05-24', 'Morning', 'Ordzhonikidzevskiy', '369228', 'Russia'),
        ('R206', 'Mellisent', 'Fice', 'student', 'mfice5o@123-reg.co.uk', 'F', '1908-07-13', 'Onsgard', 'Albufeira', '8200-005', 'Portugal'),
        ('R207', 'Inesita', 'Matyukon', 'student', 'imatyukon5p@google.ca', 'F', '1945-08-22', 'Ramsey', 'Khagrachhari', '7407', 'Bangladesh'),
        ('R208', 'Shay', 'Poag', 'student', 'spoag5q@geocities.jp', 'M', '1943-02-12', 'Waywood', 'Blerim', null, 'Albania'),
        ('R209', 'Alisander', 'Manhood', 'student', 'amanhood5r@aboutads.info', 'M', '1901-01-25', 'Mitchell', 'Jaen', '23005', 'Spain'),
        ('R210', 'Alberto', 'Shillan', 'student', 'ashillan5s@abc.net.au', 'M', '1902-11-28', 'Old Gate', 'Xieyang', null, 'China'),
        ('R211', 'Kinny', 'Edmands', 'student', 'kedmands5t@biglobe.ne.jp', 'M', '1935-12-20', 'Manitowish', 'Koungheul', null, 'Senegal'),
        ('R212', 'Janenna', 'Townley', 'student', 'jtownley5u@photobucket.com', 'F', '1947-01-19', 'Merrick', 'Uppsala', '751 71', 'Sweden'),
        ('R213', 'Dorice', 'Crellim', 'student', 'dcrellim5v@cam.ac.uk', 'F', '1938-05-27', 'Trailsway', 'Siva', '617248', 'Russia'),
        ('R214', 'Drucie', 'Cherrett', 'student', 'dcherrett5w@usa.gov', 'F', '1940-07-26', 'Novick', 'Glad', '3814', 'Philippines'),
        ('R215', 'Jefferson', 'Glas', 'student', 'jglas5x@dailymail.co.uk', 'M', '1986-01-23', 'Mccormick', 'Znamenka', '393400', 'Russia'),
        ('R216', 'Andree', 'Hollidge', 'student', 'ahollidge5y@histats.com', 'F', '1904-07-07', 'Larry', 'São Félix do Xingu', '68380-000', 'Brazil');

--populate to CONTRIBUTOR TABLE
INSERT INTO CONTRIBUTOR (Contributor_Id, Registration_ID)
VALUES  ('CON003', 'R003'),
        ('CON004', 'R004'),
        ('CON005', 'R005'),
        ('CON006', 'R006'),
        ('CON007', 'R007'),
        ('CON008', 'R008'),
        ('CON009', 'R009'),
        ('CON010', 'R010'),
        ('CON011', 'R011'),
        ('CON012', 'R012'),
        ('CON013', 'R013'),
        ('CON014', 'R014'),
        ('CON015', 'R015'),
        ('CON016', 'R016'),
        ('CON017', 'R017'),
        ('CON018', 'R018');

--Populate Student Table
INSERT INTO Student (Student_Id, Registration_Id)
VALUES  ('S201', 'R201'),
        ('S202', 'R202'),
        ('S203', 'R203'),
        ('S204', 'R204'),
        ('S205', 'R205'),
        ('S206', 'R206'),
        ('S207', 'R207'),
        ('S208', 'R208'),
        ('S209', 'R209'),
        ('S210', 'R210'),
        ('S211', 'R211'),
        ('S212', 'R212'),
        ('S213', 'R213'),
        ('S214', 'R214'),
        ('S215', 'R215'),
        ('S216', 'R216');


--Populate Table Course
INSERT INTO course(course_id, name)
VALUES(
	'C001', 'Java'
); 

INSERT INTO course(course_id, name)
VALUES(
	'C002', 'JavaScript'
); 

INSERT INTO course(course_id, name)
VALUES(
	'C003', 'Python'
); 

INSERT INTO course(course_id, name)
VALUES(
	'C004', 'HTML'
); 

INSERT INTO course(course_id, name)
VALUES(
	'C005', 'CSS' 
); 

INSERT INTO course(course_id, name)
VALUES(
	'C006', 'R'
); 

INSERT INTO course(course_id, name)
VALUES(
	'C007', 'SQL' 
); 

INSERT INTO course(course_id, name)
VALUES(
	'C008', 'Spring Boot'
); 
INSERT INTO course(course_id, name)
VALUES(
	'C009', 'Machine Learning'
); 
INSERT INTO course(course_id, name)
VALUES(
	'C010', 'Go'
); 
INSERT INTO course(course_id, name)
VALUES(
	'C011', 'Visual Basic'
); 
INSERT INTO course(course_id, name)
VALUES(
	'C012', 'Ruby'
); 
INSERT INTO course(course_id, name)
VALUES(
	'C013', 'C++'
); 
INSERT INTO course(course_id, name)
VALUES(
	'C014', 'C#'
); 
INSERT INTO course(course_id, name)
VALUES(
	'C015', 'PHP'
); 


-- Populate to Questions Table 
INSERT INTO quiz (quizid, questions, courseid) VALUES ('Q001', 'Insert the missing part of the code below to output "Hello World".', 'C002'); 
INSERT INTO quiz (quizid, questions, courseid) VALUES ('Q002', 'Create a variable named carName and assign the value Volvo to it.', 'C002');
INSERT INTO quiz (quizid, questions, courseid) VALUES ('Q003', 'Create a variable named maxSpeed and assign the value 120 to it.', 'C001');
INSERT INTO quiz (quizid, questions, courseid) VALUES ('Q004', 'Display the sum of 5 + 10, using two variables: x and y', 'C001');

INSERT INTO quiz (quizid, questions, courseid) VALUES ('Q005', 'Create a variable called carName and assign the value Volvo to it.', 'C002'); 
INSERT INTO quiz (quizid, questions, courseid) VALUES ('Q006', 'Create a variable called x, assign the value 50 to it.', 'C002');
INSERT INTO quiz (quizid, questions, courseid) VALUES ('Q007', 'On one single line, declare three variables with the following names and values:firstName = "John", lastName = "Doe", age = 35', 'C002');
INSERT INTO quiz (quizid, questions, courseid) VALUES ('Q008', 'Make the function return "hello" ', 'C002');

INSERT INTO quiz (quizid, questions, courseid) VALUES ('Q009', 'Insert the missing part of the code below to output "Hello World".', 'C003'); 
INSERT INTO quiz (quizid, questions, courseid) VALUES ('Q010', 'Convert the value of txt to lower case.', 'C003');
INSERT INTO quiz (quizid, questions, courseid) VALUES ('Q011', 'Use the correct comparison operator to check if 5 is not equal to 10.', 'C003');


INSERT INTO quiz (quizid, questions, courseid) VALUES ('Q012', 'Specify an alternate text for the image. Alternate text is useful when the image cannot be displayed, like when the page is read by a screen reader. ', 'C004');
INSERT INTO quiz (quizid, questions, courseid) VALUES ('Q013', 'Add a horizontal rule between the heading and the paragraph.', 'C004');
INSERT INTO quiz (quizid, questions, courseid) VALUES ('Q014', 'Use the correct HTML tag to add a paragraph with the text "Hello World!".', 'C004');
INSERT INTO quiz (quizid, questions, courseid) VALUES ('Q015', 'Add the correct class to make the H1 element red." ', 'C004');


INSERT INTO quiz (quizid, questions, courseid) VALUES ('Q016', 'Add the correct class to make the H1 element red." ', 'C005');
INSERT INTO quiz (quizid, questions, courseid) VALUES ('Q017', 'Add the correct class to make the H1 element red." ', 'C006');


-- Populate to Answers table. 
INSERT INTO answer (answerid, answers, quizid) VALUES ('A001', 'System.out.println("Hello World! ");', 'Q001');
INSERT INTO answer (answerid, answers, quizid) VALUES ('A002', 'String carName = "Volvo"; ', 'Q002');
INSERT INTO answer (answerid, answers, quizid) VALUES ('A003', 'int maxSpeed = 120;', 'Q003');
INSERT INTO answer (answerid, answers, quizid) VALUES ('A004', 'int x = 5;', 'Q004');

INSERT INTO answer (answerid, answers, quizid) VALUES ('A005', 'var carName = "Volvo" ', 'Q005');
INSERT INTO answer (answerid, answers, quizid) VALUES ('A006', 'var x = 50 ', 'Q006');
INSERT INTO answer (answerid, answers, quizid) VALUES ('A007', 'firstName = "John", lastName = "Doe" , age = 35', 'Q007');
INSERT INTO answer (answerid, answers, quizid) VALUES ('A008', 'return "hello"', 'Q008');


INSERT INTO answer (answerid, answers, quizid) VALUES ('A009', 'print("Hello World")', 'Q009');
INSERT INTO answer (answerid, answers, quizid) VALUES ('A010', 'txt.lower()', 'Q010');
INSERT INTO answer (answerid, answers, quizid) VALUES ('A011', 'if 5 != 10:', 'Q011');



INSERT INTO answer (answerid, answers, quizid) VALUES ('A012', 'alt = "lebateau.netlify.app" ', 'Q012');
INSERT INTO answer (answerid, answers, quizid) VALUES ('A013', '<hr>', 'Q013');
INSERT INTO answer (answerid, answers, quizid) VALUES ('A014', '<p>Hello World!</p>', 'Q014');
INSERT INTO answer (answerid, answers, quizid) VALUES ('A015', 'class="mystyle"', 'Q015');


